word,pos,score
반짝거리다,Verb,0.325
일정하다,Adjective,0.25
힘없다,Adjective,-0.525
겨루다,Verb,0.225
안이하다,Adjective,-0.375
뻥까다,Verb,-0.222222222
탁하다,Adjective,-0.4
숨다,Verb,-0.2
푹신하다,Adjective,0.525
솟아오르다,Verb,0.275
앓다,Verb,-0.175
시큰하다,Adjective,-0.075
기발하다,Adjective,0.475
탄탄하다,Adjective,0.525
우유부단하다,Adjective,-0.325
빠져나오다,Verb,0.15
꾸다,Verb,0.15
잡아먹다,Verb,-0.35
한심하다,Adjective,-0.45
싸매다,Verb,0.025
비다,Verb,-0.275
올바르다,Adjective,0.5
씰룩거리다,Verb,-0.025
친절하다,Adjective,0.8
겸손하다,Adjective,0.6
크다,Verb,0.3
완고하다,Adjective,-0.05
울먹이다,Verb,-0.275
느릿하다,Adjective,-0.375
특수하다,Adjective,0.075
명확하다,Adjective,0.525
꼬부리다,Verb,-0.222222222
가녀리다,Adjective,0.075
시무룩하다,Adjective,-0.4
더듬다,Verb,-0.375
길들다,Verb,0.225
창피하다,Adjective,-0.175
들려주다,Verb,0.275
깔리다,Verb,-0.3
많아지다,Verb,0.475
떠내다,Verb,0.125
멀다,Adjective,-0.075
저급하다,Adjective,-0.325
끌리다,Verb,0.15
뚱하다,Adjective,-0.325
피터지다,Adjective,-0.4
넓다,Adjective,0.225
킬킬거리다,Verb,-0.35
서럽다,Verb,-0.416666667
궁금하다,Adjective,0.3
마르다,Adjective,-0.125
바삭바삭하다,Verb,0.375
상심하다,Verb,-0.525
어울리다,Verb,0.525
명랑하다,Adjective,0.675
반기다,Verb,0.575
손쉽다,Adjective,0.325
정갈하다,Adjective,0.375
잘라먹다,Verb,-0.175
미묘하다,Adjective,0.025
볼메다,Adjective,-0.025
끼다,Verb,-0.175
스며들다,Verb,0.3
쭈그러뜨리다,Verb,-0.166666667
자유분방하다,Adjective,0.55
아득하다,Adjective,0.075
서운하다,Adjective,-0.35
꾸리다,Verb,0.275
치우치다,Verb,-0.275
바닥나다,Verb,-0.225
깜찍하다,Adjective,0.425
비열하다,Adjective,-0.475
전부하다,Adjective,0.075
애틋하다,Adjective,0.325
후비다,Verb,-0.175
난데없다,Adjective,-0.3
세련되다,Adjective,0.575
씬나다,Adjective,0.525
엄숙하다,Adjective,0.05
손꼽다,Verb,0.4
굵다,Adjective,0.075
위험하다,Adjective,-0.55
만지작대다,Verb,-0.055555556
윈윈하다,Verb,0.3
창궐하다,Verb,0.05
구부정하다,Adjective,-0.25
옹졸하다,Adjective,-0.325
깨닫다,Verb,0.525
몰아치다,Verb,0.05
지겹다,Adjective,-0.275
용이하다,Adjective,0.45
깨지다,Verb,-0.375
헤집다,Verb,-0.15
깔보다,Verb,-0.4
순수하다,Adjective,0.625
간편하다,Adjective,0.575
없다,Adjective,-0.475
새침하다,Adjective,0.075
너덜너덜하다,Adjective,-0.25
영리하다,Adjective,0.475
감싸다,Verb,0.35
기이하다,Adjective,-0.2
흡사하다,Adjective,0.075
진부하다,Adjective,-0.325
술렁거리다,Verb,-0.25
사로자다,Verb,0
흔하다,Adjective,-0.275
드러내다,Verb,0.15
짤깍거리다,Verb,-0.138888889
창단하다,Verb,0.3
진압하다,Verb,-0.1
진지하다,Adjective,0.3
치료받다,Verb,0.5
희다,Adjective,0.15
흘러내리다,Verb,-0.15
두려워하다,Verb,-0.45
여위다,Verb,-0.15
번번하다,Adjective,0
비뚤어지다,Verb,-0.55
다분하다,Adjective,-0.075
날카로워지다,Verb,-0.5
짱짱하다,Adjective,0.5
싫다,Adjective,-0.55
다니다,Verb,0.3
잊다,Verb,-0.275
떨다,Verb,0
나대다,Verb,-0.4
지워지다,Verb,-0.375
포획하다,Verb,-0.05
격노하다,Adjective,-0.425
팍팍하다,Adjective,-0.3
쏠쏠하다,Adjective,0.65
흠잡다,Adjective,-0.275
애청하다,Verb,0.25
건장하다,Adjective,0.375
간사하다,Adjective,-0.175
빠뜨리다,Verb,-0.375
익숙하다,Adjective,0.4
친숙하다,Adjective,0.725
되돌리다,Verb,0.4
벌주다,Verb,-0.45
뽀얘지다,Verb,0.444444444
빌리다,Verb,0.175
씩씩하다,Adjective,0.475
험하다,Adjective,-0.475
평등하다,Adjective,0.65
역주하다,Verb,-0.175
히트치다,Verb,0.375
이르다,Verb,0.025
붙들다,Verb,-0.125
선하다,Adjective,0.55
잠잠하다,Verb,0.15
더하다,Adjective,0.4
쓰리다,Adjective,-0.25
다양해지다,Verb,0.25
불쾌하다,Adjective,-0.575
어리둥절하다,Adjective,-0.05
그득하다,Adjective,0.3
면밀하다,Adjective,0.325
핥다,Verb,0
솔깃하다,Adjective,0.5
시큰둥하다,Adjective,-0.175
절묘하다,Adjective,0.325
뿌옇다,Adjective,-0.25
허무하다,Adjective,-0.25
창출되다,Verb,0.55
혼나다,Verb,-0.4
뿌듯하다,Adjective,0.575
간지럽다,Adjective,0
놀리다,Verb,-0.125
나눠지다,Verb,0.275
미미하다,Adjective,-0.125
선명하다,Adjective,0.425
찢어지다,Verb,-0.525
예쁘다,Adjective,0.725
몰인정하다,Adjective,-0.2
드라마틱하다,Adjective,0.55
아니꼽다,Adjective,-0.225
잊어버리다,Verb,-0.325
진실하다,Adjective,0.6
다정하다,Adjective,0.625
뿜어내다,Verb,0.175
따라하다,Verb,0.1
미비하다,Adjective,-0.25
낑기다,Adjective,-0.175
시집가다,Verb,0.175
뜨다,Verb,0.05
꼼꼼하다,Adjective,0.625
남부럽다,Adjective,0.1
활발해지다,Verb,0.525
멀뚱하다,Adjective,-0.025
찝찝하다,Adjective,-0.225
안떨어지다,Verb,-0.125
멀쩡하다,Adjective,0.4
쫓아내다,Verb,-0.325
재미없다,Adjective,-0.575
만무하다,Adjective,-0.025
구태의연하다,Adjective,-0.025
빡치다,Adjective,-0.525
즐거워하다,Verb,0.725
추악하다,Adjective,-0.45
끝없다,Adjective,-0.05
선점하다,Verb,0.275
부각시키다,Verb,0.225
열렬하다,Adjective,0.325
장난없다,Adjective,-0.125
식겁하다,Adjective,-0.225
아쉬워하다,Verb,-0.075
삭이다,Verb,-0.1
잘되다,Verb,0.525
나누다,Verb,0.4
식다,Verb,-0.075
극심하다,Adjective,-0.3
찬란하다,Adjective,0.575
헐다,Verb,-0.3
함께하다,Verb,0.575
새하얘지다,Adjective,0.333333333
떼쓰다,Verb,-0.4
젖다,Verb,0.05
끈질기다,Adjective,0.025
파여지다,Verb,-0.166666667
허비하다,Adjective,-0.275
삭막하다,Adjective,-0.3
차근차근하다,Adjective,0.475
구기다,Verb,-0.275
빠져들다,Verb,0.4
일축하다,Verb,-0.025
앗다,Verb,-0.3
파지다,Verb,-0.194444444
처절하다,Adjective,-0.175
키우다,Verb,0.375
나쁘다,Adjective,-0.625
뛰어들다,Verb,-0.025
대단하다,Adjective,0.65
찌들다,Verb,-0.3
떠내려가다,Verb,-0.15
희미하다,Adjective,-0.175
가혹하다,Adjective,-0.5
순결하다,Adjective,0.3
넘어지다,Verb,-0.4
나가다,Verb,0
날아다니다,Verb,0.375
자극시키다,Verb,0.125
알차다,Adjective,0.55
도와주다,Verb,0.45
삐뚤어지다,Verb,-0.475
때리다,Verb,-0.25
어려워지다,Verb,-0.25
엇갈리다,Verb,-0.35
솔직담백하다,Adjective,0.6
없애다,Verb,-0.2
당하다,Adjective,-0.275
저렴하다,Adjective,0.25
몰려들다,Verb,-0.125
신나다,Adjective,0.825
우습다,Adjective,-0.225
살아가다,Verb,0.375
잘살다,Verb,0.5
둔하다,Adjective,-0.325
바꾸다,Verb,0.2
들먹이다,Verb,-0.1
다물다,Verb,-0.05
다지다,Verb,0.175
이루다,Verb,0.6
파이다,Verb,-0.3
깜짝이다,Verb,0.138888889
발기다,Verb,-0.2
차분해지다,Verb,0.35
우물거리다,Verb,-0.175
잡히다,Verb,-0.125
다그치다,Verb,-0.275
편리하다,Adjective,0.775
참신하다,Adjective,0.55
무심하다,Adjective,-0.2
부추기다,Verb,-0.05
해내다,Verb,0.575
분주하다,Adjective,-0.175
아른아른하다,Verb,0.222222222
불거지다,Verb,-0.15
돋아나다,Verb,0.225
둘러싸이다,Verb,0.1
퍼지다,Verb,0
침통하다,Adjective,-0.275
심각해지다,Verb,-0.375
소상하다,Adjective,0.025
인정받다,Verb,0.5
애매모호하다,Adjective,-0.325
천하다,Adjective,-0.275
수줍다,Adjective,0.025
벙하다,Adjective,-0.175
평화스럽다,Adjective,0.725
호리호리하다,Adjective,0.194444444
평평하다,Adjective,-0.05
공손하다,Adjective,0.35
얼얼하다,Adjective,-0.1
느껴지다,Verb,0.275
내리쬐다,Verb,0.025
간략하다,Adjective,0.3
뻐근하다,Adjective,-0.325
감추다,Verb,-0.3
앙상하다,Adjective,-0.325
속절없다,Adjective,-0.375
낮아지다,Verb,-0.225
들이키다,Verb,0.2
부옇다,Adjective,-0.075
토끼다,Verb,-0.375
적체되다,Verb,-0.15
뚫리다,Verb,-0.175
심각하다,Adjective,-0.525
구리다,Adjective,-0.25
놔두다,Verb,0.075
치닫다,Verb,-0.1
쭈뼛거리다,Adjective,-0.1
집어치우다,Verb,-0.375
눈물나다,Verb,-0.225
아리땁다,Adjective,0.65
끼울다,Verb,0.05
붙잡히다,Verb,-0.45
버리다,Verb,-0.425
불가하다,Adjective,-0.475
어련하다,Adjective,-0.05
뻗치다,Verb,-0.25
기대하다,Adjective,0.475
치켜세우다,Verb,0.6
앞당겨지다,Verb,0.075
어렵다,Adjective,-0.45
쿨럭거리다,Verb,-0.194444444
눕다,Verb,0.15
허탈하다,Adjective,-0.175
움츠러들다,Verb,-0.275
알아채다,Verb,0.325
갸름하다,Adjective,0.1
아물다,Verb,0.425
투명하다,Adjective,0.275
난리치다,Verb,-0.475
느긋하다,Adjective,0.275
어엿하다,Adjective,0.375
유해하다,Adjective,-0.3
시꺼멓다,Adjective,-0.2
푸석푸석하다,Adjective,-0.138888889
듬직하다,Adjective,0.575
씹다,Verb,-0.325
부둥키다,Verb,0
검다,Adjective,-0.1
끓이다,Verb,0
구부러지다,Verb,-0.225
들여놓다,Verb,0.2
익다,Verb,0.3
지치다,Verb,-0.325
꿋꿋하다,Adjective,0.475
있다,Adjective,0.4
뜨이다,Verb,-0.05
아늑하다,Adjective,0.65
불행하다,Adjective,-0.475
뜯기다,Verb,-0.425
만나다,Verb,0.375
고소하다,Adjective,0.15
잘알다,Verb,0.55
비키다,Verb,-0.025
웃다,Verb,0.6
보슬보슬하다,Adjective,0.111111111
안질리다,Verb,0.361111111
불안정하다,Adjective,-0.525
부적합하다,Adjective,-0.325
바라다,Verb,0.45
따라다니다,Verb,0.125
비리다,Adjective,-0.4
흉하다,Adjective,-0.425
기다리다,Verb,0.125
돌려주다,Verb,0.175
시들시들하다,Adjective,-0.25
무례하다,Adjective,-0.4
포용하다,Verb,0.6
어른스럽다,Adjective,0.5
조급하다,Adjective,-0.45
조그맣다,Adjective,0.15
들추어내다,Verb,-0.075
불가피하다,Adjective,-0.25
울컥하다,Verb,-0.25
헐렁하다,Adjective,-0.05
둘러싸다,Verb,-0.15
어지간하다,Adjective,-0.175
청결하다,Adjective,0.65
친해지다,Verb,0.7
면면하다,Adjective,0.2
번듯하다,Adjective,0.35
눈부시다,Adjective,0.45
않다,Verb,-0.075
자욱하다,Adjective,-0.125
얌전하다,Adjective,0.4
아깝다,Adjective,-0.1
기르다,Verb,0.325
담하다,Adjective,0.325
속닥이다,Verb,-0.083333333
간단하다,Adjective,0.35
오그라들다,Verb,-0.175
노련하다,Adjective,0.5
짙어지다,Verb,0.075
꼬이다,Adjective,-0.25
오목하다,Adjective,0.05
부리다,Verb,0.125
긴급하다,Adjective,0.025
주무시다,Verb,0.225
엎드리다,Verb,-0.025
빼어나다,Adjective,0.55
하비다,Verb,-0.1
삐지다,Adjective,-0.275
아담하다,Adjective,0.375
안녕하다,Adjective,0.6
돋보이다,Verb,0.375
모자라다,Verb,-0.375
잘쓰다,Verb,0.55
불리하다,Adjective,-0.325
귀찮다,Adjective,-0.45
비통하다,Adjective,-0.575
대들다,Verb,-0.275
퍼렇다,Adjective,0.025
노려보다,Verb,-0.2
막히다,Verb,-0.275
값싸다,Verb,0.325
확고하다,Adjective,0.55
씨부리다,Verb,-0.6
저조하다,Adjective,-0.45
병들다,Verb,-0.4
정당하다,Adjective,0.4
불가사의하다,Adjective,0.2
많다,Adjective,0.3
밝아지다,Verb,0.525
뱉다,Verb,-0.375
탱탱하다,Adjective,0.425
애쓰다,Verb,-0.125
균일하다,Adjective,0.45
그리워하다,Verb,0.175
잦다,Verb,0.025
밝다,Verb,0.65
척박하다,Adjective,-0.275
음란하다,Adjective,0.05
어지럽히다,Verb,-0.3
대문짝만하다,Adjective,0.075
징징대다,Adjective,-0.45
대여받다,Verb,0.25
사귀다,Verb,0.65
튀어나오다,Verb,-0.1
폐쇄되다,Verb,-0.475
희한하다,Adjective,0.125
헐렁이다,Verb,-0.055555556
치러지다,Verb,-0.1
까맣다,Adjective,-0.025
조화롭다,Adjective,0.5
말다,Verb,-0.05
알아듣다,Verb,0.275
정중하다,Adjective,0.725
서늘하다,Adjective,-0.075
슬퍼하다,Verb,-0.45
썰다,Verb,0.125
잡아가다,Verb,0
틀어막다,Verb,-0.325
다급하다,Adjective,-0.075
출중하다,Adjective,0.625
헝클어뜨리다,Verb,-0.277777778
소심하다,Adjective,-0.175
얇다,Adjective,-0.1
끊기다,Verb,-0.2
꿈꾸다,Verb,0.575
유별나다,Adjective,0
날리다,Verb,0.2
찰칵하다,Verb,0.275
악화시키다,Verb,-0.5
침침하다,Adjective,-0.3
힘쓰다,Verb,0.25
일목요연하다,Adjective,0.45
걸리다,Verb,-0.15
따뜻하다,Adjective,0.65
능숙하다,Adjective,0.5
다름없다,Adjective,-0.075
춥다,Adjective,-0.325
슬프다,Adjective,-0.45
찢기다,Verb,-0.375
보살피다,Verb,0.375
의기소침하다,Adjective,-0.275
다가서다,Verb,0.35
쇠퇴하다,Adjective,-0.325
험준하다,Adjective,-0.275
잡다,Verb,0.05
짤막하다,Adjective,0.075
속닥속닥하다,Verb,-0.027777778
따내다,Verb,0.25
해코지하다,Verb,-0.3
친근하다,Adjective,0.6
끌어안다,Verb,0.45
짜지다,Verb,-0.35
쓰다듬다,Verb,0.4
컴컴하다,Adjective,-0.15
흡족하다,Adjective,0.5
값지다,Adjective,0.4
쬐다,Verb,0.2
들어주다,Verb,0.375
거북하다,Adjective,-0.475
반듯하다,Adjective,0.475
포동포동하다,Adjective,0.222222222
귀하다,Adjective,0.5
오비다,Verb,0
극명하다,Verb,-0.025
조악하다,Adjective,-0.325
토닥이다,Verb,0.475
튼튼하다,Adjective,0.6
씁쓸하다,Adjective,-0.45
썰렁하다,Adjective,-0.175
끊어지다,Verb,-0.275
친하다,Adjective,0.625
올라가다,Verb,0.45
어리바리하다,Adjective,-0.325
사뿐하다,Adjective,0.45
쑥스럽다,Adjective,0.125
가로막히다,Verb,-0.25
설파하다,Verb,0.1
사이좋다,Adjective,0.55
무력하다,Adjective,-0.475
특별하다,Adjective,0.5
갉다,Verb,-0.375
진정하다,Adjective,0.361111111
알뜰하다,Adjective,0.55
따돌리다,Verb,-0.275
헝클어지다,Verb,-0.275
넘다,Verb,0.3
잃어버리다,Verb,-0.175
밝혀지다,Verb,0.3
반가워하다,Verb,0.6
꼴다,Verb,-0.25
가능하다,Adjective,0.875
깨끗해지다,Verb,0.775
늠름하다,Adjective,0.475
척결하다,Verb,0.1
씻기다,Verb,0.45
미안하다,Adjective,-0.225
휘날리다,Verb,0.225
심해지다,Verb,-0.45
흐려지다,Verb,-0.3
자그맣다,Adjective,0.05
엷다,Adjective,0.075
순하다,Adjective,0.375
오가다,Verb,0.15
자자하다,Verb,0.1
얕다,Adjective,-0.15
화끈화끈하다,Verb,-0.027777778
각박하다,Adjective,-0.4
좋아지다,Verb,0.75
묻히다,Verb,-0.15
내쉬다,Verb,0.125
난폭하다,Adjective,-0.4
만들다,Verb,0.225
안락하다,Adjective,0.7
쉬다,Verb,0.4
기울이다,Verb,0.05
휘청하다,Verb,-0.175
우아하다,Adjective,0.475
촉촉하다,Adjective,0.425
찌다,Verb,-0.05
흐뭇다,Adjective,0.55
꾸준하다,Adjective,0.575
짜깁다,Verb,-0.225
신비롭다,Adjective,0.375
시들다,Verb,-0.25
유능하다,Adjective,0.625
복실복실하다,Adjective,0.388888889
조곤조곤하다,Adjective,0.45
나태하다,Adjective,-0.325
씩씩거리다,Verb,-0.45
축축하다,Adjective,-0.125
가르다,Verb,0.025
거들다,Verb,0.275
믿다,Verb,0.55
민감하다,Adjective,-0.1
변별하다,Verb,0.15
엉클다,Verb,-0.175
칼칼하다,Adjective,0.25
지껄이다,Verb,-0.25
웬만하다,Adjective,0.175
가뿐하다,Adjective,0.5
좋다,Adjective,0.875
가로막다,Verb,-0.2
해드리다,Verb,0.275
한눈팔다,Verb,-0.275
든든하다,Adjective,0.6
껌껌하다,Adjective,-0.25
갈아타다,Verb,-0.125
늙다,Verb,-0.2
끄덕이다,Verb,0.325
가까워지다,Verb,0.45
빼앗다,Verb,-0.1
불공평하다,Adjective,-0.475
사근사근하다,Adjective,0.444444444
크나크다,Adjective,0.425
쪼개다,Verb,-0.3
기특하다,Adjective,0.575
두리번거리다,Verb,-0.05
버벅대다,Verb,-0.275
이기다,Verb,0.575
거닐다,Verb,0.2
몰려오다,Verb,-0.2
비추다,Verb,0.075
건전하다,Adjective,0.35
벗어나다,Verb,0.35
확실하다,Adjective,0.475
먹이다,Verb,0.2
아쉽다,Adjective,-0.35
불어오다,Verb,0.25
뽀얗다,Adjective,0.3
역겹다,Adjective,-0.375
쌓다,Verb,0.475
야하다,Adjective,0.25
던지다,Verb,0.025
늘리다,Verb,0.25
호젓하다,Adjective,0.375
내려가다,Verb,-0.05
내디디다,Verb,0.1
급격하다,Adjective,-0.225
싱싱하다,Verb,0.7
근사하다,Adjective,0.525
움찔움찔하다,Verb,-0.083333333
나부끼다,Verb,-0.15
치켜뜨다,Verb,0.05
치졸하다,Adjective,-0.4
자라나다,Verb,0.475
파묻히다,Verb,-0.375
영롱하다,Adjective,0.375
꾸역꾸역하다,Verb,-0.138888889
낮추다,Verb,0.175
냉정하다,Adjective,-0.1
익숙해지다,Verb,0.275
우월하다,Adjective,0.45
조촐하다,Adjective,-0.075
죽다,Verb,-0.3
끓다,Verb,0.1
불규칙하다,Adjective,-0.25
처참하다,Adjective,-0.525
끝나다,Verb,0
따다,Verb,-0.025
줄어들다,Verb,-0.05
공정하다,Adjective,0.6
황당하다,Adjective,-0.05
차려입다,Verb,0.5
순진하다,Adjective,0.175
발칙하다,Adjective,-0.375
자르다,Verb,0.125
돌아오다,Verb,0.45
만만하다,Adjective,-0.175
짜증나다,Adjective,-0.525
착실하다,Adjective,0.65
가물가물하다,Verb,-0.3
잘빠지다,Verb,0.3
밉다,Adjective,-0.525
밟다,Verb,0.075
미흡하다,Adjective,-0.275
내보이다,Verb,0.275
고치다,Verb,0.475
해롭다,Adjective,-0.45
드리우다,Verb,0.15
차이다,Verb,-0.175
조심조심하다,Verb,0.275
사납다,Adjective,-0.375
부르짖다,Verb,-0.225
고만하다,Adjective,0.075
귀중하다,Adjective,0.525
속상하다,Adjective,-0.225
헤치다,Verb,-0.3
천박하다,Adjective,-0.525
무섭다,Adjective,-0.55
깨부수다,Verb,0.1
오동통하다,Adjective,0.25
좁히다,Verb,-0.075
칙칙하다,Adjective,-0.15
철저하다,Adjective,0.325
떠보다,Verb,0.025
가르치다,Verb,0.325
강대하다,Adjective,0.45
사랑스럽다,Adjective,0.7
시리다,Adjective,-0.2
소홀하다,Adjective,-0.325
야무지다,Adjective,0.5
모질다,Adjective,-0.2
달려들다,Verb,-0.175
다져지다,Verb,0.05
하찮다,Adjective,-0.475
앙이다,Adjective,0.075
수월하다,Adjective,0.7
녹이다,Verb,0.025
찧다,Verb,-0.05
하얘지다,Verb,0.3
번쩍번쩍하다,Verb,0.275
끙끙대다,Verb,-0.375
따지다,Verb,-0.2
깐깐하다,Adjective,-0.075
병약하다,Adjective,-0.275
주도하다,Adjective,0.425
넘기다,Verb,0.025
떠들다,Verb,-0.15
구르다,Verb,-0.15
말캉하다,Adjective,0.083333333
섹시하다,Adjective,0.3
딴다,Adjective,0.15
안남다,Adjective,-0.2
깨어지다,Verb,-0.3
거만하다,Adjective,-0.3
억울하다,Adjective,-0.2
들끓다,Verb,-0.05
슬기롭다,Adjective,0.575
쫓아오다,Verb,-0.25
쫓다,Verb,-0.1
살아나다,Verb,0.525
샘솟다,Verb,0.5
용다,Verb,0.125
사기당하다,Verb,-0.425
평화롭다,Adjective,0.775
나누어지다,Verb,-0.125
차가워지다,Verb,-0.2
너저분하다,Adjective,-0.275
북받치다,Verb,-0.225
타다,Verb,0.15
애지중지하다,Verb,0.175
어림없다,Adjective,-0.275
매달리다,Verb,-0.2
얼버무리다,Verb,-0.375
편하다,Adjective,0.7
잡아먹히다,Verb,-0.325
두텁다,Adjective,0.375
갑갑하다,Adjective,-0.475
무덥다,Adjective,-0.025
번하다,Adjective,0.05
묽다,Adjective,0
씹히다,Verb,-0.375
불가능하다,Adjective,-0.575
결연하다,Adjective,0.05
헤아리다,Verb,0.35
야만스럽다,Adjective,-0.475
얽히다,Verb,-0.125
벗다,Verb,0.15
배고프다,Adjective,-0.175
빠지다,Verb,-0.175
주목할만하다,Adjective,0.5
마땅하다,Adjective,0.275
괴롭다,Adjective,-0.45
매만지다,Verb,0.2
얽다,Verb,0.125
힘들어하다,Verb,-0.475
물색하다,Verb,0.1
여리다,Adjective,0.15
공평하다,Adjective,0.475
믿음직하다,Adjective,0.65
이상하다,Adjective,-0.325
시끄럽다,Adjective,-0.375
음울하다,Adjective,-0.25
빨다,Verb,0.075
무너지다,Verb,-0.4
작작하다,Adjective,-0.05
돌이키다,Verb,0.1
풍만하다,Adjective,0.325
채다,Verb,0.075
들쑥날쑥하다,Adjective,-0.125
비틀리다,Verb,-0.4
환수하다,Verb,-0.075
자비롭다,Adjective,0.675
달아오르다,Verb,0.25
패배하다,Adjective,-0.5
떨구다,Verb,-0.35
흥미롭다,Adjective,0.525
보풀다,Verb,0.166666667
교묘하다,Adjective,-0.125
뒤따르다,Verb,0.075
굳히다,Verb,0.1
광대하다,Adjective,0.325
어두워지다,Verb,-0.25
차근하다,Adjective,0.3
호화롭다,Adjective,0.5
짓눌리다,Verb,-0.275
아우르다,Verb,0.325
뛰어다니다,Verb,0.25
지저분하다,Adjective,-0.35
어설프다,Adjective,-0.325
악하다,Adjective,-0.45
치받다,Verb,-0.083333333
수군대다,Verb,-0.325
사리다,Verb,-0.325
예사롭다,Adjective,0.275
맞대다,Verb,0.275
대접받다,Verb,0.45
부풀다,Verb,0
쓰라리다,Adjective,-0.35
썰리다,Verb,-0.45
높이다,Verb,0.25
앞세우다,Verb,0.275
빌붙다,Verb,-0.25
알맞다,Adjective,0.55
까발리다,Verb,-0.225
적정하다,Adjective,0.4
풍기다,Verb,0.325
불쌍하다,Adjective,-0.075
힘겹다,Adjective,-0.375
흘리다,Verb,0
연결하다,Adjective,0.325
허전하다,Verb,-0.225
잘맞다,Adjective,0.55
자애롭다,Adjective,0.725
뛰어놀다,Verb,0.6
드물다,Adjective,-0.1
떠나다,Verb,-0.175
두근거리다,Adjective,0.65
진귀하다,Adjective,0.5
생기다,Verb,0.45
담담하다,Adjective,0.125
되찾다,Verb,0.475
적당하다,Adjective,0.4
빗어주다,Verb,0.194444444
맡기다,Verb,0.3
나가떨어지다,Verb,-0.4
옮기다,Verb,0.275
아찔하다,Adjective,-0.1
꼴리다,Verb,-0.05
놀다,Verb,0.575
열일하다,Verb,0.325
정정당당하다,Adjective,0.625
다재다능하다,Adjective,0.75
암울하다,Adjective,-0.575
뒤틀리다,Verb,-0.525
띠이다,Verb,-0.05
오르다,Verb,0.3
바글바글하다,Verb,0
성스럽다,Adjective,0.625
구수하다,Adjective,0.4
보얗다,Adjective,0.175
돋보다,Verb,0.277777778
부유하다,Adjective,0.55
발랄하다,Adjective,0.55
높다,Adjective,0.35
물어보다,Verb,0.175
톡톡하다,Adjective,0.5
시기하다,Adjective,-0.325
부러워하다,Verb,0.15
새삼스럽다,Adjective,-0.075
굉장하다,Adjective,0.75
피곤하다,Adjective,-0.425
딱좋다,Adjective,0.75
날아오르다,Verb,0.55
무책임하다,Adjective,-0.35
나약하다,Adjective,-0.55
안타깝다,Adjective,-0.35
박히다,Verb,-0.05
못마땅하다,Adjective,-0.425
악랄하다,Adjective,-0.45
신선하다,Adjective,0.625
덜컹대다,Verb,-0.111111111
졸다,Verb,-0.175
등극하다,Verb,0.35
태연하다,Adjective,0.375
휘청이다,Verb,-0.325
물다,Verb,-0.25
빈약하다,Adjective,-0.375
콩닥콩닥하다,Verb,0.416666667
특출나다,Adjective,0.525
유효하다,Adjective,0.4
거슬리다,Verb,-0.25
당혹스럽다,Adjective,-0.325
눈뜨다,Verb,0.4
낮다,Adjective,-0.075
애처롭다,Adjective,-0.25
밀접하다,Adjective,0.325
부릅뜨다,Verb,-0.125
칭얼거리다,Verb,-0.475
찡찡거리다,Verb,-0.175
가라앉다,Verb,-0.05
어마어마하다,Adjective,0.325
난잡하다,Adjective,-0.225
예리하다,Adjective,0.3
독특하다,Adjective,0.425
극악하다,Adjective,-0.35
쫓겨나다,Verb,-0.375
같잖다,Adjective,-0.325
완벽하다,Adjective,0.75
조르다,Verb,-0.05
주요하다,Adjective,0.175
미워하다,Verb,-0.5
망가지다,Verb,-0.375
정해지다,Verb,0.35
살다,Verb,0.475
예쁘장하다,Adjective,0.65
경박하다,Adjective,-0.3
느닷없다,Adjective,-0.1
게으르다,Adjective,-0.4
불우하다,Adjective,-0.25
아프다,Adjective,-0.55
삼키다,Verb,-0.05
참다,Verb,-0.025
붙박다,Verb,-0.075
짧다,Adjective,-0.15
어중간하다,Adjective,-0.3
따끈하다,Adjective,0.6
분명하다,Adjective,0.475
뛰어오르다,Verb,0.125
이끌다,Verb,0.375
헐떡이다,Verb,-0.2
완전하다,Adjective,0.625
끼어들다,Verb,-0.15
닦다,Verb,0.275
음흉하다,Adjective,-0.25
유용하다,Adjective,0.65
악물다,Verb,-0.15
제제하다,Adjective,-0.175
머나멀다,Adjective,-0.325
원활하다,Adjective,0.65
섬뜩하다,Adjective,-0.475
파닥거리다,Verb,0.222222222
질리다,Verb,-0.25
고달프다,Adjective,-0.2
살아오다,Verb,0.375
굴르다,Verb,-0.375
위급하다,Adjective,-0.4
떠지다,Verb,0.2
닳다,Verb,0
밋밋하다,Adjective,-0.225
동일하다,Adjective,0.175
견고하다,Adjective,0.35
헝클다,Verb,-0.175
맹렬하다,Adjective,-0.05
현명하다,Adjective,0.55
파내다,Verb,0.025
안절부절못하다,Verb,-0.2
애달프다,Adjective,-0.1
쉴드치다,Verb,0
자유롭다,Adjective,0.85
재밌다,Adjective,0.875
반들반들하다,Adjective,0.25
쪽팔리다,Verb,-0.4
걸걸하다,Adjective,-0.111111111
휘둥그레지다,Verb,0.075
받치다,Verb,0
빼앗기다,Verb,-0.35
달라지다,Verb,0.15
끼부리다,Adjective,0.138888889
격해지다,Adjective,-0.175
산만하다,Adjective,-0.25
팔딱이다,Verb,0.305555556
잘나가다,Verb,0.45
징그럽다,Adjective,-0.375
대수롭다,Adjective,0.025
중대하다,Adjective,0.3
꺼지다,Verb,-0.425
긴밀하다,Adjective,0.25
징징거리다,Adjective,-0.2
아옹다옹하다,Verb,-0.083333333
헐겁다,Adjective,-0.075
악세다,Adjective,-0.075
박차다,Verb,0.3
아릿하다,Adjective,0.055555556
거뜬하다,Adjective,0.425
선량하다,Adjective,0.6
잘추다,Verb,0.075
시시대다,Verb,-0.3
저주받다,Verb,-0.425
예민하다,Adjective,-0.275
불완전하다,Adjective,-0.5
느끼하다,Adjective,-0.175
걸다,Verb,0.025
떠오르다,Verb,0.4
멀어지다,Verb,-0.275
걱정스럽다,Adjective,-0.15
지르다,Verb,-0.25
들러붙다,Verb,-0.275
단단하다,Adjective,0.35
잔망스럽다,Adjective,0.175
동떨어지다,Adjective,-0.3
튼실하다,Adjective,0.5
쓸리다,Verb,-0.225
즐기다,Verb,0.575
허다,Verb,0.05
부탁드리다,Adjective,0.2
번득이다,Verb,0.25
온순하다,Adjective,0.55
맵다,Adjective,-0.025
돕다,Verb,0.55
터지다,Verb,-0.375
울렁대다,Verb,-0.194444444
빼다,Verb,-0.1
잔잔하다,Adjective,0.375
번뜩이다,Verb,0.3
뒤늦다,Adjective,-0.325
남아돌다,Verb,-0.075
편안하다,Adjective,0.825
중얼거리다,Verb,-0.075
심란하다,Adjective,-0.225
뛰어넘다,Verb,0.3
사랑받다,Verb,0.875
쓸모없다,Adjective,-0.375
잠들다,Verb,0.4
모이다,Verb,0.275
그만하다,Adjective,-0.2
족치다,Verb,-0.5
어수룩하다,Adjective,-0.25
떠들썩하다,Adjective,0.15
둘러대다,Verb,-0.225
착륙시키다,Verb,0.425
긴박하다,Adjective,-0.175
파멸하다,Adjective,-0.4
서툴다,Adjective,-0.2
달라붙다,Verb,-0.175
고만고만하다,Adjective,-0.075
전무하다,Adjective,-0.2
다가가다,Verb,0.4
황홀하다,Adjective,0.775
초라하다,Adjective,-0.375
환장하다,Verb,0
흥분하다,Adjective,0.05
당돌하다,Adjective,0.3
원만하다,Adjective,0.475
기대다,Verb,0.225
천진난만하다,Adjective,0.225
어리숙하다,Adjective,-0.175
잡아끌다,Verb,-0.125
뜨뜻하다,Adjective,0.45
시들하다,Adjective,-0.35
용맹하다,Adjective,0.675
유리하다,Adjective,0.675
감내하다,Verb,0.125
얼어붙다,Verb,-0.325
겁나다,Verb,-0.2
그치다,Verb,0.05
오글거리다,Verb,-0.25
설익다,Verb,-0.25
본받다,Verb,0.6
갈아입다,Verb,0.05
가누다,Verb,0.075
울부짖다,Verb,-0.15
묵묵하다,Adjective,-0.075
쾌적하다,Adjective,0.75
광활하다,Adjective,0.5
통통하다,Adjective,0.125
갈구다,Verb,-0.45
충실하다,Adjective,0.625
착하다,Adjective,0.625
화창하다,Adjective,0.55
거대하다,Adjective,0.225
안내받다,Verb,0.2
쏠리다,Verb,-0.15
내쫓다,Verb,-0.475
바라지다,Verb,0.175
팔리다,Verb,0.025
덥다,Adjective,-0.125
불투명하다,Adjective,-0.325
불충분하다,Adjective,-0.225
뽐내다,Verb,0.3
펴내다,Verb,0.2
빠져나가다,Verb,-0.025
솟구치다,Verb,0.05
인자하다,Adjective,0.7
수북하다,Adjective,0.1
붓다,Verb,-0.1
착잡하다,Adjective,-0.2
역공하다,Verb,0.275
쓱싹쓱싹하다,Verb,-0.083333333
무관심하다,Adjective,-0.075
머뭇거리다,Verb,-0.225
보채다,Verb,-0.3
밝혀내다,Verb,0.225
흩어지다,Verb,-0.275
적어지다,Verb,-0.25
고맙다,Adjective,0.85
더워지다,Verb,-0.05
띄우다,Verb,0.425
깁다,Verb,-0.075
명석하다,Adjective,0.4
뚫다,Verb,0.35
혼미하다,Adjective,-0.2
사회화하다,Verb,0.15
이뤄지다,Verb,0.35
꾀죄죄하다,Adjective,-0.2
깍이다,Verb,-0.325
넘어가다,Verb,0.175
부대끼다,Verb,-0.275
쓰이다,Verb,0.25
성나다,Verb,-0.3
쌀쌀하다,Adjective,-0.325
삐죽다,Adjective,-0.3
잘해주다,Verb,0.55
공허하다,Adjective,-0.175
섣부르다,Adjective,-0.15
품다,Verb,0.375
온화하다,Adjective,0.75
괜찮다,Adjective,0.575
틈틈하다,Adjective,0.3
태어나다,Verb,0.575
아슬아슬하다,Adjective,0
가리키다,Verb,0.2
꼬물꼬물하다,Verb,0.083333333
따끔하다,Adjective,-0.175
발가벗다,Verb,-0.225
조밀조밀하다,Adjective,0.138888889
지키다,Verb,0.525
아리송하다,Adjective,-0.175
벗겨지다,Verb,-0.275
놀라다,Verb,0.225
그만두다,Verb,-0.375
쎄다,Adjective,0.325
잡아내다,Verb,0.2
숨쉬다,Verb,0.275
안절부절하다,Verb,-0.225
넘어뜨리다,Verb,-0.175
얻어맞다,Verb,-0.55
사라지다,Verb,-0.175
구차하다,Adjective,-0.35
데려오다,Verb,0.275
아끼다,Verb,0.025
펼쳐지다,Verb,0.5
정통하다,Adjective,0.175
멈추다,Verb,-0.1
깨다,Verb,-0.125
내딛다,Verb,0.45
출출하다,Adjective,-0.175
초조하다,Adjective,-0.25
아름답다,Adjective,0.775
난해하다,Adjective,-0.4
매끄럽다,Adjective,0.325
틈나다,Verb,-0.05
드넓다,Adjective,0.55
산뜻하다,Adjective,0.5
낑낑대다,Verb,-0.275
부딪히다,Verb,-0.35
왁자지껄하다,Verb,0.125
가난하다,Adjective,-0.225
돈독하다,Adjective,0.525
큼직하다,Adjective,0.175
다루어지다,Verb,0.15
괴팍하다,Adjective,-0.4
갈리다,Verb,-0.1
싫어지다,Adjective,-0.5
답답하다,Adjective,-0.525
딱하다,Adjective,-0.325
자작하다,Adjective,0.111111111
자리매김하다,Verb,0.275
오붓하다,Adjective,0.575
시르다,Adjective,-0.325
사느랗다,Adjective,0.05
뒤덮히다,Verb,-0.1
야속하다,Adjective,-0.375
어지러워지다,Verb,-0.25
좁다,Adjective,-0.325
어르다,Verb,0.05
앍다,Verb,-0.025
판치다,Verb,-0.175
미천하다,Adjective,-0.225
궁색하다,Adjective,-0.15
살살하다,Adjective,0.3
되돌아가다,Verb,-0.05
숙성하다,Adjective,0.425
장엄하다,Adjective,0.6
이롭다,Adjective,0.75
주물럭거리다,Verb,-0.025
고급스럽다,Adjective,0.475
쭈그러지다,Verb,-0.305555556
희박하다,Adjective,-0.325
심약하다,Adjective,-0.166666667
끝내주다,Adjective,0.65
큼직큼직하다,Adjective,0.325
파헤치다,Verb,-0.25
용하다,Adjective,0.625
감미롭다,Adjective,0.525
재탕하다,Adjective,-0.25
곱다,Adjective,0.55
쾌활하다,Adjective,0.7
둘러앉다,Verb,0.1
심심하다,Adjective,-0.125
속삭이다,Verb,0.275
상실하다,Adjective,-0.275
올르다,Verb,0.225
올라오다,Verb,0.25
껄렁하다,Adjective,-0.275
대등하다,Adjective,0.425
뚫어지다,Verb,-0.325
열다,Verb,0.35
도망치다,Verb,-0.5
파릇파릇하다,Adjective,0.525
뭐라다,Verb,-0.225
드리다,Verb,0.125
음슴다,Verb,-0.125
흥이나다,Verb,0.416666667
역이용하다,Verb,-0.025
지독하다,Adjective,-0.35
내로라하다,Verb,0.15
거창하다,Adjective,0.175
화나다,Verb,-0.525
조심하다,Adjective,0.1
조그마하다,Adjective,0.15
따스하다,Adjective,0.675
야물다,Verb,0
간지나다,Verb,0.583333333
숨가쁘다,Adjective,-0.1
섭섭하다,Adjective,-0.3
방자하다,Adjective,-0.075
우스꽝스럽다,Adjective,0
태평하다,Adjective,0.375
음침하다,Adjective,-0.475
활기차다,Adjective,0.675
갇히다,Verb,-0.25
기다,Verb,-0.125
그렇다,Adjective,0.65
굶주리다,Verb,-0.3
헤어지다,Verb,-0.425
장하다,Adjective,0.55
판이하다,Adjective,-0.125
훌륭하다,Adjective,0.775
갸우뚱하다,Verb,-0.175
적히다,Verb,-0.15
재잘대다,Verb,0.225
놀래다,Adjective,-0.05
경솔하다,Adjective,-0.225
쏟다,Verb,-0.225
흉악하다,Adjective,-0.425
털리다,Verb,-0.3
오만하다,Adjective,-0.325
순전하다,Adjective,0.175
시원하다,Adjective,0.525
맴돌다,Verb,-0.05
도톰하다,Adjective,0.25
충분하다,Adjective,0.625
건지다,Verb,0.3
내다보다,Verb,0.125
근엄하다,Adjective,0.35
어이없다,Adjective,-0.225
닫히다,Verb,-0.325
대차다,Adjective,0.225
잇다,Verb,0.35
다행하다,Adjective,0.625
어수선하다,Adjective,-0.175
타고나다,Verb,0.55
들뜨다,Adjective,0.3
불러일으키다,Verb,0.375
짜내다,Verb,-0.375
끔찍하다,Adjective,-0.425
깔짝이다,Verb,-0.111111111
치밀다,Verb,-0.15
다르다,Adjective,-0.075
두드러지다,Adjective,0.3
난만하다,Adjective,-0.027777778
허덕이다,Verb,-0.425
급하다,Adjective,-0.175
세다,Verb,0.3
우수하다,Adjective,0.725
어색하다,Adjective,-0.25
무능력하다,Adjective,-0.4
반듯반듯하다,Adjective,0.361111111
지피다,Verb,-0.05
피로하다,Adjective,-0.325
필요하다,Adjective,0.275
자신만만하다,Adjective,0.55
부여잡다,Verb,0.025
꽂히다,Verb,0.125
얹혀살다,Verb,0.075
쓰러지다,Verb,-0.25
서먹하다,Adjective,-0.075
간당간당하다,Verb,-0.1
모여들다,Verb,0.25
열리다,Verb,0.375
뿌리치다,Verb,-0.275
은은하다,Adjective,0.25
시원찮다,Adjective,-0.2
밤새다,Verb,0.05
틀어쥐다,Verb,-0.05
폭망하다,Verb,-0.475
떠받치다,Verb,0
떠돌아다니다,Verb,-0.1
기울어지다,Verb,-0.225
창출하다,Verb,0.425
잔혹하다,Adjective,-0.45
행복스럽다,Adjective,0.861111111
비장하다,Adjective,0.225
비싸다,Adjective,-0.025
반짝이다,Verb,0.575
재미있다,Adjective,0.775
명심하다,Verb,0.425
죽치다,Verb,-0.166666667
격렬하다,Adjective,0.2
베풀다,Verb,0.6
정신차리다,Adjective,0.425
서투르다,Adjective,-0.225
개운하다,Adjective,0.55
어둑어둑하다,Adjective,-0.125
후련하다,Adjective,0.65
가속화하다,Verb,0.3
푸르다,Adjective,0.425
달다,Verb,0.35
잡아들이다,Verb,-0.15
소름끼치다,Verb,-0.4
싱숭생숭하다,Adjective,-0.225
언짢다,Adjective,-0.35
뭉치다,Verb,0.5
멍하다,Adjective,-0.15
낫다,Verb,0.55
먹여주다,Verb,0.3
짜이다,Verb,-0.225
진하다,Adjective,0.25
자명하다,Adjective,0.225
수척하다,Adjective,-0.275
믿어지다,Verb,0.425
잔인하다,Adjective,-0.475
줄다,Verb,-0.35
여겨지다,Verb,0.075
어눌하다,Adjective,-0.4
후려치다,Verb,-0.375
서두르다,Verb,-0.05
빗나가다,Verb,-0.225
펄럭거리다,Verb,0.225
상당하다,Adjective,0.425
울먹거리다,Verb,-0.333333333
정확하다,Adjective,0.6
기쁘다,Adjective,0.825
말랑하다,Adjective,0.275
가라앉히다,Verb,-0.05
냉철하다,Adjective,-0.075
찡그리다,Verb,-0.325
둘러쌓다,Verb,0.05
멋지다,Adjective,0.725
대견하다,Adjective,0.6
나뉘다,Verb,0.025
폐쇄하다,Verb,-0.55
내려오다,Verb,-0.125
들키다,Verb,-0.275
탈락대다,Verb,-0.388888889
혹독하다,Adjective,-0.475
필요없다,Adjective,-0.425
두렵다,Adjective,-0.475
기죽다,Verb,-0.35
파고들다,Verb,0.125
따분하다,Adjective,-0.175
얻다,Verb,0.525
놀랍다,Adjective,0.325
부족하다,Adjective,-0.3
적절하다,Adjective,0.45
들레다,Verb,-0.025
보석같다,Adjective,0.65
고지식하다,Adjective,-0.1
시원스럽다,Adjective,0.55
자랑삼다,Verb,0.375
도드라지다,Verb,0.225
서둘다,Verb,-0.05
시달리다,Verb,-0.325
낄낄대다,Verb,-0.15
홀쭉하다,Adjective,0.025
번쩍이다,Verb,0.375
익히다,Verb,0.375
노랗다,Adjective,0.1
차단시키다,Verb,-0.4
엄청나다,Adjective,0.65
시끌시끌하다,Adjective,-0.125
왠만하다,Adjective,0.225
다양하다,Adjective,0.475
나빠지다,Verb,-0.425
싫어하다,Verb,-0.35
어리벙벙하다,Adjective,-0.305555556
부시다,Verb,-0.05
경사지다,Verb,0.175
일반화되다,Verb,-0.25
옷벗다,Verb,0.05
능글능글하다,Adjective,-0.025
결리다,Verb,-0.225
거지같다,Adjective,-0.5
괴상하다,Adjective,-0.475
틀려지다,Verb,-0.275
화사하다,Adjective,0.4
잊혀지다,Verb,-0.425
사가다,Verb,0.15
얼다,Verb,-0.05
웅크리다,Verb,0.05
후회되다,Adjective,-0.175
문지르다,Verb,0.175
통쾌하다,Adjective,0.625
잘나오다,Verb,0.45
서성대다,Verb,-0.055555556
위배되다,Verb,-0.5
뚜들기다,Verb,-0.194444444
쏜살같다,Adjective,0.225
쉽다,Adjective,0.475
짭잘하다,Adjective,0.277777778
앞장서다,Verb,0.425
분명해지다,Verb,0.45
붕괴하다,Adjective,-0.25
새까맣다,Adjective,-0.05
바르다,Verb,0.35
걸쭉하다,Adjective,0.075
맛있다,Adjective,0.825
쉬쉬하다,Verb,-0.275
뒤집어지다,Verb,-0.075
우비다,Verb,0
쓸쓸하다,Adjective,-0.225
선보이다,Verb,0.275
신랄하다,Adjective,0
빨르다,Adjective,0.375
부진하다,Adjective,-0.4
덤덤하다,Adjective,-0.025
차이나다,Verb,-0.225
태만하다,Adjective,-0.35
꺾다,Verb,-0.175
오묘하다,Adjective,-0.075
강인하다,Adjective,0.3
넘치다,Verb,0.05
미끄러지다,Verb,-0.075
쌈빡하다,Verb,0.416666667
담그다,Verb,0.05
갑작스럽다,Adjective,-0.075
사무치다,Verb,-0.3
망하다,Adjective,-0.35
풍부하다,Adjective,0.725
소중하다,Adjective,0.75
시뻘겋다,Adjective,-0.175
불타다,Adjective,-0.175
적다,Verb,-0.075
떨리다,Verb,0.025
커지다,Verb,0.45
사악하다,Adjective,-0.5
썩다,Verb,-0.325
넉넉하다,Adjective,0.525
입상하다,Adjective,0.375
어질다,Adjective,0.1
나서다,Verb,0.2
비꼬다,Verb,-0.4
견디다,Verb,0.125
한산하다,Adjective,0.3
쏘이다,Verb,-0.111111111
늘어나다,Verb,0.1
불성실하다,Adjective,-0.3
틀림없다,Adjective,0.225
버려지다,Verb,-0.35
나긋나긋하다,Adjective,0.55
떠나가다,Verb,-0.1
빽빽하다,Adjective,0.075
그러하다,Adjective,0.475
반짝반짝하다,Adjective,0.361111111
내주다,Verb,0.025
쪼그라들다,Verb,-0.35
주춤거리다,Verb,-0.175
어줍다,Adjective,-0.1
치이다,Verb,-0.25
오죽하다,Adjective,-0.125
맞부딪치다,Verb,0.075
옭아매다,Verb,-0.25
몰랑몰랑하다,Adjective,0.45
갠차다,Adjective,0.125
쪼그리다,Verb,-0.3
안기다,Verb,0.425
어두컴컴하다,Adjective,-0.325
뛰놀다,Verb,0.35
후미지다,Adjective,-0.375
떠돌다,Verb,-0.1
부적절하다,Adjective,-0.375
우중충하다,Adjective,-0.3
조심스럽다,Adjective,0.175
물르다,Verb,-0.35
헉헉대다,Verb,-0.35
떨어지다,Verb,-0.225
분하다,Adjective,-0.35
기억나다,Verb,0.375
곧다,Adjective,0.425
중요하다,Adjective,0.35
탱글탱글하다,Adjective,0.277777778
뛰어내리다,Verb,-0.025
어지럽다,Adjective,-0.275
나뉘어지다,Verb,-0.025
야리다,Adjective,-0.375
다다르다,Verb,0.35
올라서다,Verb,0.425
능글맞다,Adjective,0.05
느리다,Adjective,-0.15
디지다,Verb,-0.325
향기롭다,Adjective,0.5
말르다,Adjective,0
꺼리다,Verb,-0.5
자그마하다,Adjective,0.35
나아지다,Verb,0.425
더디다,Verb,-0.325
숨막히다,Adjective,-0.325
적합하다,Adjective,0.55
반갑다,Adjective,0.75
딸리다,Verb,-0.3
알리다,Verb,0.4
조렇다,Adjective,-0.055555556
망연자실하다,Adjective,-0.525
무식하다,Adjective,-0.375
반반하다,Adjective,0.275
풋풋하다,Adjective,0.575
갸웃하다,Verb,-0.15
무시무시하다,Adjective,-0.125
까먹다,Verb,-0.3
상관없다,Adjective,-0.075
불확실하다,Adjective,-0.475
알려지다,Verb,0.275
어지르다,Verb,-0.375
자아내다,Verb,0.275
조아하다,Adjective,0.4
무모하다,Adjective,-0.225
지지다,Verb,0
야비하다,Adjective,-0.425
흘러가다,Verb,0.175
다스리다,Verb,0.25
차분하다,Adjective,0.4
널찍하다,Adjective,0.325
친숙해지다,Adjective,0.55
되새기다,Verb,0.25
성내다,Verb,-0.475
수많다,Adjective,0.4
걷어차다,Verb,-0.3
이름나다,Adjective,0.4
두둑하다,Adjective,0.25
혼내다,Verb,-0.375
잘리다,Verb,-0.325
찾다,Verb,0.125
틀리다,Verb,-0.5
줄이다,Verb,0
싸우다,Verb,-0.3
감사하다,Adjective,0.725
건네주다,Verb,0.45
들쭉날쭉하다,Adjective,0.05
남겨지다,Verb,-0.175
밤새우다,Verb,-0.225
약해지다,Verb,-0.4
빌다,Verb,-0.15
넘어오다,Verb,0.3
고프다,Adjective,-0.125
뚜렷하다,Adjective,0.55
내려앉다,Verb,-0.325
특정하다,Adjective,0.2
올려다보다,Verb,0.15
쪼들리다,Verb,-0.35
자연스럽다,Adjective,0.65
불량하다,Adjective,-0.3
몰르다,Verb,0
피력하다,Verb,0.15
젖히다,Verb,-0.025
맛깔나다,Adjective,0.35
심오하다,Adjective,0.1
굽히다,Verb,-0.2
정성스럽다,Adjective,0.625
소용없다,Adjective,-0.4
울퉁불퉁하다,Adjective,-0.2
까다롭다,Adjective,-0.325
부들대다,Verb,-0.25
상쾌하다,Adjective,0.6
단조롭다,Adjective,-0.275
되돌아보다,Verb,0.175
잡혀가다,Verb,-0.6
독하다,Adjective,-0.3
벌겋다,Adjective,-0.15
부딪치다,Verb,-0.275
너무하다,Adjective,-0.25
싫증나다,Adjective,-0.4
모르다,Verb,-0.225
뻗다,Verb,-0.075
깨뜨리다,Verb,-0.45
적나라하다,Adjective,-0.025
싹트다,Verb,0.5
아낌없다,Adjective,0.475
적막하다,Adjective,-0.075
뜯다,Verb,0.1
번거롭다,Adjective,-0.375
곤란하다,Adjective,-0.475
늦추다,Verb,-0.225
자랑스럽다,Adjective,0.55
꾸짖다,Verb,-0.5
씻다,Verb,0.5
포개다,Verb,0.275
바꿔치다,Verb,-0.05
측은하다,Adjective,-0.1
추워지다,Verb,-0.35
괴롭히다,Verb,-0.45
떠벌리다,Verb,-0.175
치고받다,Verb,-0.35
꾸미다,Verb,0.375
엄격하다,Adjective,-0.1
까끌까끌하다,Adjective,0.166666667
틀어박히다,Verb,-0.2
자세하다,Adjective,0.375
기울다,Verb,-0.175
싱겁다,Adjective,-0.175
참되다,Adjective,0.525
붉다,Adjective,0.15
일으키다,Verb,0.425
콩콩이다,Verb,-0.083333333
잠식당하다,Verb,-0.375
얼큰하다,Adjective,0.3
특유하다,Adjective,0.275
비기다,Verb,0.175
묶이다,Verb,-0.125
약바르다,Adjective,0.111111111
무뚝뚝하다,Adjective,-0.175
간질간질하다,Verb,-0.138888889
뚱뚱하다,Adjective,-0.3
부럽다,Adjective,0.1
꿇다,Verb,-0.4
웃기다,Verb,0.625
의뭉스럽다,Adjective,-0.25
죽여주다,Verb,0.25
닫다,Verb,-0.3
유일하다,Adjective,0.3
야박하다,Adjective,-0.5
숨지다,Verb,-0.575
내려지다,Verb,0.1
맥빠지다,Adjective,-0.25
청순하다,Adjective,0.625
멍청하다,Adjective,-0.425
파드득거리다,Verb,-0.055555556
말리다,Verb,0.05
활발하다,Adjective,0.65
도도하다,Adjective,0.075
간결하다,Adjective,0.4
새롭다,Adjective,0.575
개떡같다,Adjective,-0.4
압축시키다,Verb,-0.05
한결같다,Adjective,0.3
보드랍다,Adjective,0.5
바쁘다,Adjective,-0.15
패망하다,Verb,-0.625
저지르다,Verb,-0.3
자잘하다,Adjective,-0.025
엉뚱하다,Adjective,-0.175
외롭다,Adjective,-0.3
취하다,Verb,0.05
처지다,Verb,-0.4
앙하다,Adjective,-0.15
찜찜하다,Adjective,-0.325
흩다,Verb,0.05
한물가다,Verb,-0.375
다잡다,Verb,0.35
신성하다,Adjective,0.725
파렴치하다,Adjective,-0.375
같이하다,Verb,0.5
뛰어나오다,Verb,0.125
옅다,Adjective,-0.075
우세하다,Adjective,0.425
풀리다,Verb,0.35
비굴하다,Adjective,-0.325
소문나다,Verb,0.1
빼놓다,Verb,-0.45
움츠리다,Verb,-0.25
발리다,Verb,-0.375
낯설다,Adjective,-0.25
갉아먹다,Verb,-0.25
납작하다,Adjective,0.025
드높다,Adjective,0.425
더불다,Verb,0.375
덜컹하다,Verb,-0.055555556
심하다,Adjective,-0.475
드러눕다,Verb,-0.1
가볍다,Adjective,0.425
막막하다,Adjective,-0.425
놓치다,Verb,-0.225
당당하다,Adjective,0.525
서글프다,Adjective,-0.275
창백하다,Adjective,-0.225
명백하다,Adjective,0.4
먹다,Verb,0.4
뒤지다,Verb,-0.375
바로잡다,Verb,0.45
앙증맞다,Adjective,0.475
떨떠름하다,Adjective,-0.1
태우다,Verb,0.05
신비하다,Adjective,0.3
침착하다,Adjective,0.3
요란하다,Adjective,-0.025
아리까리하다,Adjective,-0.15
잡다하다,Adjective,-0.15
급조하다,Verb,-0.375
따르다,Verb,0.3
드리워지다,Verb,-0.15
너그럽다,Adjective,0.725
서성거리다,Verb,-0.225
받아들이다,Verb,0.4
머쓱하다,Adjective,0.075
나지막하다,Adjective,0.15
상냥하다,Adjective,0.65
힘드다,Adjective,-0.575
찡하다,Adjective,0.125
보들보들하다,Adjective,0.45
부질없다,Adjective,-0.2
잠그다,Verb,-0.15
못자다,Verb,-0.225
들썩들썩하다,Verb,0.2
숭고하다,Adjective,0.625
총총하다,Adjective,0.275
허둥대다,Verb,-0.25
익살스럽다,Adjective,0.225
가려내다,Verb,-0.125
따끈따끈하다,Adjective,0.575
풍족하다,Adjective,0.65
수상하다,Adjective,-0.3
물컹하다,Adjective,0.125
알아차리다,Verb,0.5
일구다,Verb,0.3
뭐라하다,Verb,-0.1
등한시하다,Verb,-0.3
낙인찍히다,Verb,-0.35
씰룩대다,Verb,-0.083333333
가득하다,Adjective,0.525
눈감다,Verb,-0.225
무자비하다,Adjective,-0.375
말랑말랑하다,Adjective,0.325
흔쾌하다,Adjective,0.6
택하다,Verb,0.225
욕먹다,Verb,-0.375
찍어내다,Verb,0
해주다,Verb,0.275
균등하다,Adjective,0.55
짜증스럽다,Adjective,-0.525
망치다,Verb,-0.35
뒈지다,Verb,-0.5
날아들다,Verb,0.2
즐비하다,Adjective,0.025
유치하다,Adjective,-0.075
무지무지하다,Adjective,-0.083333333
나무라다,Verb,-0.325
또렷하다,Adjective,0.5
나자빠지다,Verb,-0.375
잡아채다,Verb,-0.175
심쿵하다,Adjective,0.45
휘두르다,Verb,-0.075
비일비재하다,Adjective,-0.15
두껍다,Adjective,0.1
후리다,Verb,-0.15
휩쓸다,Adjective,0.275
가깝다,Adjective,0.175
삐뚤다,Adjective,-0.15
가로놓이다,Verb,-0.2
가늘다,Adjective,0.075
고요하다,Adjective,0.375
쏟아내다,Verb,0.025
열악하다,Adjective,-0.325
얼싸다,Verb,-0.15
싸잡다,Verb,-0.275
숙달하다,Adjective,0.5
강하다,Adjective,0.575
울뻔하다,Verb,-0.25
멋있다,Adjective,0.7
지린다,Verb,0
찌푸리다,Verb,-0.375
넘겨주다,Verb,0.35
기묘하다,Adjective,0.125
부서지다,Verb,-0.275
치열하다,Adjective,-0.1
신기하다,Adjective,0.475
파묻다,Verb,-0.175
섬기다,Verb,0.3
그럴듯하다,Adjective,0.375
서슴다,Verb,-0.175
시퍼렇다,Adjective,-0.075
나아가다,Verb,0.5
맞추다,Verb,0.225
느슨하다,Adjective,0.1
딴딴하다,Adjective,0.333333333
빵터지다,Adjective,0.45
재빠르다,Adjective,0.575
쫓기다,Verb,-0.5
평안하다,Adjective,0.575
평온하다,Adjective,0.675
헷갈리다,Adjective,-0.275
떄리다,Verb,-0.325
주다,Verb,0.25
주리다,Verb,0.025
흐리다,Verb,-0.375
대범하다,Adjective,0.375
아로새기다,Verb,0.075
대물리다,Verb,-0.075
되살리다,Verb,0.55
맛없다,Adjective,-0.325
헤매다,Verb,-0.325
붙잡다,Verb,-0.025
지다,Verb,-0.275
안일하다,Adjective,-0.125
평이하다,Adjective,0.25
드세다,Adjective,-0.175
뛰어나가다,Verb,0.225
알쏭달쏭하다,Adjective,0.2
엎어지다,Verb,-0.425
악착같다,Adjective,0.138888889
굳어지다,Verb,0.075
배우다,Verb,0.45
아늑아늑하다,Verb,0.222222222
몰지각하다,Adjective,-0.325
자랑스러워하다,Verb,0.5
알다,Verb,0.4
올려주다,Verb,0.375
남다르다,Adjective,0.275
힘빠지다,Verb,-0.4
날뛰다,Verb,-0.2
화려하다,Adjective,0.75
움찔거리다,Verb,-0.15
빨아들이다,Verb,-0.225
딱딱하다,Adjective,-0.025
지리다,Verb,-0.3
사사롭다,Adjective,-0.1
솔직하다,Adjective,0.575
아니다,Adjective,-0.45
생생하다,Adjective,0.425
쪼이다,Verb,-0.125
쓰다,Verb,-0.125
잠기다,Verb,-0.175
설레다,Adjective,0.65
잃다,Verb,-0.375
흥얼거리다,Verb,0.625
덜하다,Adjective,-0.075
빼먹다,Verb,-0.15
뒤틀다,Verb,-0.3
물리다,Verb,-0.35
자상하다,Adjective,0.6
갖추다,Verb,0.575
치밀하다,Adjective,0.3
친절해지다,Adjective,0.5
비틀어지다,Verb,-0.425
홀가분하다,Adjective,0.6
우악스럽다,Adjective,-0.4
뻔하다,Adjective,-0.2
쫓아가다,Verb,0.1
더러워지다,Verb,-0.25
작아지다,Verb,-0.05
꾀다,Verb,-0.2
메우다,Verb,0.225
뻣뻣하다,Adjective,-0.325
내려놓다,Verb,0.2
가로지르다,Verb,0.15
맑다,Adjective,0.55
미루다,Verb,-0.375
나른하다,Adjective,0.075
땡기다,Verb,0.35
정직하다,Adjective,0.475
쩔다,Verb,0.275
어리석다,Adjective,-0.225
기괴하다,Adjective,-0.4
사치스럽다,Adjective,-0.275
명료하다,Adjective,0.475
안쓰럽다,Adjective,-0.45
성급하다,Adjective,-0.125
아련하다,Adjective,0
한가롭다,Adjective,0.475
박식하다,Adjective,0.6
드럽다,Adjective,-0.325
약오르다,Adjective,-0.305555556
아리다,Adjective,-0.375
끊다,Verb,-0.25
시원시원하다,Adjective,0.525
불편하다,Adjective,-0.6
안다,Verb,0.325
들추다,Verb,-0.175
쿡쿡하다,Verb,0.055555556
무겁다,Adjective,-0.175
낡다,Adjective,-0.2
특이하다,Adjective,0.525
유복하다,Adjective,0.575
가려지다,Verb,-0.175
부단하다,Adjective,-0.1
능통하다,Adjective,0.65
떨어뜨리다,Verb,-0.025
휘청거리다,Verb,-0.35
한가하다,Adjective,0.25
무사하다,Adjective,0.775
원하다,Adjective,0.45
뛰다,Verb,0.175
쑤시다,Verb,-0.175
기어오르다,Verb,-0.1
똑똑하다,Adjective,0.525
비정하다,Adjective,-0.15
앞서다,Verb,0.325
내려다보다,Verb,-0.125
침울하다,Adjective,-0.425
그립다,Adjective,0.025
잘려지다,Verb,-0.3
고상하다,Adjective,0.4
다려지다,Verb,0.05
어김없다,Adjective,-0.125
유력하다,Adjective,0.5
가지런하다,Adjective,0.425
굳다,Adjective,0.075
거둬들이다,Verb,0.05
월등하다,Adjective,0.4
흐뭇하다,Adjective,0.6
묵직하다,Adjective,0.05
어찔어찔하다,Adjective,-0.083333333
되돌아오다,Verb,0.125
치우다,Verb,-0.1
벌다,Verb,0.375
화하다,Adjective,0.225
어루만지다,Verb,0.325
꾸물거리다,Verb,-0.15
어긋나다,Verb,-0.375
까불다,Verb,-0.4
넓어지다,Verb,0.275
쫒다,Verb,-0.025
싸하다,Adjective,-0.275
살빠지다,Adjective,0.35
특출하다,Adjective,0.6
벗어지다,Verb,0
등등하다,Adjective,0.1
부담스럽다,Adjective,-0.225
창시하다,Verb,0.175
미끄럽다,Adjective,-0.05
타오르다,Verb,0.15
특징짓다,Verb,0.125
버럭버럭하다,Verb,-0.277777778
곱씹다,Verb,-0.05
순박하다,Adjective,0.45
아파하다,Verb,-0.375
고약하다,Adjective,-0.45
마음먹다,Verb,0.3
쩔쩔매다,Verb,-0.3
토나오다,Verb,-0.275
키득거리다,Verb,-0.2
비밀스럽다,Adjective,-0.05
촉박하다,Adjective,-0.2
사로잡히다,Verb,0.025
탁월하다,Adjective,0.65
섬세하다,Adjective,0.6
우쭐하다,Verb,-0.05
풀어지다,Verb,0.125
넘어서다,Verb,0.325
망설이다,Verb,-0.225
깨끗하다,Adjective,0.75
간질거리다,Verb,-0.083333333
늘어놓다,Verb,-0.075
맞다,Verb,0.425
거두다,Verb,0.25
열등하다,Adjective,-0.425
매끈하다,Adjective,0.35
흔들리다,Verb,-0.225
맞닿다,Verb,0.35
폭넓다,Adjective,0.4
내보내다,Verb,0.1
속이다,Verb,-0.225
달래다,Verb,0.425
짜릿하다,Adjective,0.5
유순하다,Adjective,0.425
급박하다,Adjective,-0.175
건조하다,Adjective,0.025
모시다,Verb,0.375
급속하다,Adjective,0.075
작동시키다,Verb,0.175
밝히다,Verb,0.25
가만두다,Verb,-0.1
서운해하다,Adjective,-0.3
말똥말똥하다,Adjective,0.275
매치다,Verb,-0.166666667
주고받다,Verb,0.325
큰코다치다,Verb,-0.35
투덜거리다,Verb,-0.325
덤비다,Verb,-0.275
뜨겁다,Adjective,-0.1
애매하다,Adjective,-0.025
풀다,Verb,0.4
인색하다,Adjective,-0.4
알아주다,Verb,0.6
고귀하다,Adjective,0.5
부조리하다,Adjective,-0.375
비참하다,Adjective,-0.45
싸지르다,Verb,-0.225
연약하다,Adjective,-0.2
냠냠하다,Verb,0.225
끝내다,Verb,-0.1
길다,Adjective,0.2
막연하다,Adjective,-0.075
가꾸어지다,Verb,0.4
모호하다,Adjective,-0.2
우울하다,Adjective,-0.6
내뱉다,Verb,-0.275
부딛히다,Verb,-0.2
엄연하다,Adjective,0.075
음산하다,Adjective,-0.375
건방지다,Adjective,-0.375
가꾸다,Verb,0.475
사그라들다,Verb,0.325
읽히다,Verb,0.125
섭하다,Adjective,-0.25
이쁘다,Adjective,0.8
잘생기다,Adjective,0.625
씩씩대다,Verb,-0.25
성공하다,Adjective,0.775
땡그랗다,Adjective,0
다정다감하다,Adjective,0.575
장황하다,Adjective,0.175
시급하다,Adjective,-0.15
갈아엎다,Verb,-0.4
친밀하다,Adjective,0.55
깨물다,Verb,-0.125
아른거리다,Verb,0.25
약하다,Adjective,-0.35
짙다,Adjective,0.325
유연하다,Adjective,0.5
안타까워하다,Verb,-0.125
날다,Verb,0.475
굴러가다,Verb,0.025
살찌다,Adjective,-0.1
할퀴다,Verb,-0.3
기뻐하다,Verb,0.825
포근하다,Adjective,0.5
튀다,Verb,-0.25
불과하다,Adjective,-0.2
떳떳하다,Adjective,0.425
후끈하다,Adjective,0.125
거룩하다,Adjective,0.325
시시하다,Adjective,-0.15
접다,Verb,-0.125
들어가다,Verb,0.225
치솟다,Verb,-0.175
일어서다,Verb,0.5
안좋다,Adjective,-0.575
더럽다,Adjective,-0.475
쭈그리다,Verb,-0.2
탕탕하다,Verb,-0.1
피다,Verb,0.225
길쭉하다,Adjective,0.225
단순하다,Adjective,0.025
만연하다,Verb,0.125
죄송하다,Adjective,-0.15
아득해지다,Adjective,-0.275
무지하다,Adjective,-0.325
시커멓다,Adjective,-0.25
방대하다,Adjective,0.2
즐겁다,Adjective,0.875
잡아떼다,Verb,-0.275
조마조마하다,Adjective,0.075
엄습하다,Verb,-0.125
가련하다,Adjective,-0.2
얼리다,Verb,0
의하다,Adjective,0.175
냉혹하다,Adjective,-0.45
얄밉다,Adjective,-0.25
사소하다,Adjective,-0.2
키워지다,Verb,0.325
관대하다,Adjective,0.5
자극받다,Verb,0.2
여전하다,Adjective,0.15
떠밀다,Verb,-0.325
차다,Verb,-0.175
막다,Verb,0.1
무리다,Adjective,-0.275
경건하다,Adjective,0.5
적법하다,Adjective,0.325
졸리다,Verb,0
빡시다,Verb,-0.3
쏟아지다,Verb,-0.05
알록달록하다,Adjective,0.45
가벼워지다,Verb,0.475
단련하다,Verb,0.45
의연하다,Adjective,0.325
밀려오다,Verb,-0.05
어기다,Verb,-0.2
이루어지다,Verb,0.475
터뜨리다,Verb,-0.175
얄팍하다,Adjective,-0.325
치사하다,Adjective,-0.45
억지스럽다,Adjective,-0.35
악독하다,Adjective,-0.3
이룩하다,Verb,0.375
딱이다,Adjective,0.475
청량하다,Adjective,0.475
땡잡다,Verb,0.138888889
어뜩하다,Adjective,-0.083333333
볼록하다,Adjective,-0.025
녹슬다,Verb,-0.3
말아먹다,Verb,-0.325
채우다,Verb,0.425
변치않다,Verb,-0.1
울렁거리다,Verb,-0.325
건드리다,Verb,-0.125
일그러지다,Verb,-0.3
소곤소곤하다,Verb,-0.083333333
깨우치다,Verb,0.475
뿐이다,Adjective,-0.075
다듬다,Verb,0.325
참담하다,Adjective,-0.525
먹히다,Verb,-0.125
정겹다,Adjective,0.55
누리다,Verb,0.225
우물우물하다,Verb,-0.222222222
잘나다,Adjective,0.4
허하다,Verb,-0.3
대박나다,Verb,0.55
부지런하다,Adjective,0.425
점잖다,Adjective,0.5
치다,Verb,-0.3
파닥이다,Verb,0.05
짭짤하다,Adjective,0.225
퍼붓다,Verb,-0.175
불안하다,Adjective,-0.375
어려워하다,Verb,-0.4
줄기차다,Adjective,-0.15
꽉차다,Verb,0.075
유쾌하다,Adjective,0.7
찌르다,Verb,-0.325
실하다,Adjective,0.35
성하다,Adjective,0.4
넘겨받다,Verb,0.075
큼지막하다,Adjective,0.425
용감하다,Adjective,0.425
신속하다,Adjective,0.425
곱상하다,Adjective,0.375
위대하다,Adjective,0.6
캄캄하다,Adjective,-0.275
민첩하다,Adjective,0.625
짓누르다,Verb,-0.425
식상하다,Verb,-0.3
창창하다,Adjective,0.475
자빠지다,Verb,-0.5
다음가다,Verb,0.275
장난스럽다,Adjective,0.35
악플달다,Verb,-0.55
싱그럽다,Adjective,0.375
성실하다,Adjective,0.7
일르다,Verb,-0.125
평범하다,Adjective,-0.025
부드럽다,Adjective,0.6
여유롭다,Verb,0.65
까칠하다,Adjective,-0.3
집요하다,Adjective,-0.1
짠하다,Adjective,-0.125
얼싸안다,Verb,0.275
힘내다,Verb,0.5
안전하다,Adjective,0.7
떼이다,Verb,-0.45
비상하다,Adjective,0.4
저리다,Adjective,-0.2
닥쳐오다,Verb,-0.375
만개하다,Verb,0.4
소소하다,Adjective,0.475
낭비하다,Adjective,-0.375
질린다,Verb,-0.325
광포하다,Adjective,-0.175
별다르다,Adjective,0.225
새다,Verb,0.05
정교하다,Adjective,0.525
물러서다,Verb,-0.3
담백하다,Adjective,0.425
끌어내리다,Verb,-0.4
알아내다,Verb,0.5
어둑어둑해지다,Adjective,-0.05
진중하다,Adjective,0.4
변화무쌍하다,Adjective,0.175
역다,Adjective,-0.1
헐뜯다,Verb,-0.475
달아나다,Verb,-0.125
죽이다,Verb,-0.35
적적하다,Adjective,-0.05
흥겹다,Adjective,0.575
비범하다,Adjective,0.625
미세하다,Adjective,-0.05
찍히다,Verb,-0.125
날아가다,Verb,0.5
작다,Adjective,-0.075
하얗다,Adjective,0.375
압승하다,Verb,0.6
비루하다,Adjective,-0.15
치켜들다,Verb,0.2
유머러스하다,Adjective,0.75
매정하다,Adjective,-0.45
배가되다,Verb,0.3
기막히다,Adjective,-0.05
늘다,Verb,0.225
울리다,Verb,-0.225
커다랗다,Adjective,0.225
박하다,Adjective,-0.15
틀어지다,Verb,-0.375
다하다,Verb,-0.15
쌩까다,Verb,-0.375
만족스럽다,Adjective,0.7
얻어먹다,Verb,0.25
오염시키다,Verb,-0.35
연하다,Adjective,0.25
애잔하다,Adjective,-0.2
닥치다,Verb,-0.275
설치다,Adjective,-0.15
썩이다,Verb,-0.575
졸렬하다,Adjective,-0.525
허약하다,Adjective,-0.275
삐죽하다,Adjective,-0.083333333
숨기다,Verb,-0.325
건들건들하다,Verb,-0.166666667
잘르다,Verb,-0.25
돌보다,Verb,0.25
어우러지다,Verb,0.375
순순하다,Adjective,0.45
긋다,Verb,-0.1
타락하다,Adjective,-0.475
엿보다,Verb,-0.325
비웃다,Verb,-0.375
깜빡깜빡하다,Verb,-0.138888889
들이마시다,Verb,0.275
가로서다,Verb,0.05
맞붙다,Verb,-0.075
잘뽑다,Verb,0.625
가두다,Verb,-0.15
쭈글쭈글하다,Adjective,-0.055555556
우선하다,Adjective,0.4
도망가다,Verb,-0.175
잇따르다,Verb,0.05
몰리다,Verb,-0.05
득실득실하다,Verb,-0.027777778
방만하다,Adjective,-0.175
뭉클하다,Adjective,0.525
혁혁하다,Adjective,0.15
깜빡이다,Verb,0.125
어정쩡하다,Adjective,-0.3
강렬하다,Adjective,0.425
나돌다,Verb,-0.3
유난스럽다,Adjective,-0.15
버겁다,Adjective,-0.25
지긋지긋하다,Adjective,-0.225
삼엄하다,Adjective,-0.1
난감하다,Adjective,-0.375
자리다,Adjective,0
맞서다,Verb,0.175
팅기다,Verb,-0.25
복잡하다,Adjective,-0.225
떨치다,Verb,0.075
난하다,Adjective,-0.25
갚다,Verb,0.325
억세다,Adjective,-0.075
곯다,Verb,-0.425
째지다,Verb,0
버티다,Verb,0.3
꼬꾸라지다,Verb,-0.333333333
신중하다,Adjective,0.5
굵직하다,Adjective,0.3
난처하다,Adjective,-0.4
험난하다,Adjective,-0.4
째다,Verb,-0.325
지루하다,Adjective,-0.45
불길하다,Adjective,-0.375
광범위하다,Adjective,0.2
부풀리다,Verb,-0.15
투덜대다,Verb,-0.375
자제시키다,Verb,-0.1
늦어지다,Verb,-0.275
밀리다,Verb,-0.225
훈훈하다,Adjective,0.625
따먹다,Verb,0.025
잽싸다,Adjective,0.4
매달다,Verb,0
행복하다,Adjective,0.925
무안하다,Adjective,-0.05
끊임없다,Adjective,0
포악하다,Adjective,-0.3
푹쉬다,Verb,0.475
표출하다,Verb,0.425
늦다,Verb,-0.4
빠르다,Adjective,0.3
얹히다,Verb,-0.175
캐다,Verb,0.125
깔끔하다,Adjective,0.625
둥글다,Adjective,0.325
호락호락하다,Adjective,0.1
짧아지다,Verb,-0.15
생기발랄하다,Adjective,0.65
힘들다,Adjective,-0.575
꺼림칙하다,Adjective,-0.3
재잘거리다,Verb,0.15
풀죽다,Verb,-0.361111111
야들야들하다,Adjective,0.194444444
꿰뚫다,Verb,0.225
다듬어지다,Verb,0.35
날씬하다,Adjective,0.525
도르다,Verb,0.025
찬찬하다,Adjective,0.375
다독이다,Verb,0.375
환하다,Adjective,0.525
차지다,Adjective,0.075
한적하다,Adjective,0.4
가빠지다,Verb,-0.225
쌉싸름하다,Adjective,0
유명하다,Adjective,0.6
재수없다,Adjective,-0.4
다급해지다,Verb,-0.325
우락부락하다,Adjective,0.025
부끄럽다,Adjective,-0.175
깊다,Adjective,0.15
펄럭이다,Verb,0.275
해치다,Verb,-0.4
날카롭다,Adjective,-0.075
유익하다,Adjective,0.75
얼빠지다,Verb,-0.375
생소하다,Adjective,0.125
파다하다,Adjective,-0.125
원치않다,Adjective,-0.2
부당하다,Adjective,-0.325
험악하다,Adjective,-0.45
걷히다,Verb,0.05
따라가다,Verb,0.2
대담하다,Adjective,0.425
뺏다,Verb,-0.45
부자연스럽다,Adjective,-0.3
훔치다,Verb,-0.35
고통스럽다,Adjective,-0.5
움켜쥐다,Verb,-0.125
의젓하다,Adjective,0.6
떠나오다,Verb,0
괴로워하다,Verb,-0.525
긴가민가하다,Adjective,0
부치다,Verb,-0.175
무의미하다,Adjective,-0.175
성가시다,Adjective,-0.325
골다,Verb,-0.075
가다듬다,Verb,0.35
쿠리다,Adjective,-0.025
배부르다,Adjective,0.4
띵하다,Adjective,-0.275
게슴츠레하다,Adjective,-0.027777778
저물다,Verb,-0.15
읊조리다,Verb,0
떠올리다,Verb,0.375
영원하다,Adjective,0.5
녹아내리다,Verb,0
어둡다,Adjective,-0.3
비하하다,Verb,-0.575
초췌하다,Adjective,-0.4
당연하다,Adjective,0.475
사르다,Verb,-0.125
교활하다,Adjective,-0.175
찔리다,Verb,-0.4
앞두다,Verb,0.1
어슬렁거리다,Verb,0.025
내버리다,Verb,-0.225
날렵하다,Adjective,0.525
살리다,Verb,0.45
깨어나다,Verb,0.4
뻐기다,Verb,-0.15
소리내다,Verb,0.4
간절하다,Adjective,0.125
강력하다,Adjective,0.475
애절하다,Adjective,0.025
호비다,Verb,-0.225
싸다,Verb,0.25
과민하다,Adjective,-0.175
밤늦다,Adjective,-0.05
찰지다,Adjective,0.425
옳다,Adjective,0.5
가져다주다,Verb,0.225
데우다,Verb,0.15
뜨끈하다,Adjective,0.325
놓아두다,Verb,0.15
하늘하늘하다,Adjective,0.35
흔들다,Verb,0.2
처량하다,Adjective,-0.45
친애하다,Adjective,0.7
지나치다,Verb,-0.25
촌스럽다,Adjective,-0.275
서먹해지다,Adjective,-0.275
켜지다,Verb,0.55
가냘프다,Adjective,-0.1
방분하다,Verb,0
자라다,Verb,0.475
뛰어오다,Verb,0.4
책임지다,Verb,0.1
높아지다,Verb,0.25
따갑다,Adjective,-0.15
세워지다,Verb,0.375
불필요하다,Adjective,-0.425
얼룩지다,Verb,-0.15
깎다,Verb,-0.05
꼴사납다,Adjective,-0.425
얽매이다,Verb,-0.3
힘차다,Adjective,0.4
못지않다,Adjective,-0.05
벅차다,Adjective,0.15
주저앉다,Verb,-0.225
달콤하다,Adjective,0.625
우기다,Verb,-0.075
자질구레하다,Adjective,0
젊다,Adjective,0.6
살벌하다,Adjective,-0.25
좋아하다,Adjective,0.925
명쾌하다,Adjective,0.75
빗대다,Verb,0
늘어지다,Verb,-0.25
미지근하다,Adjective,0.125
적확하다,Adjective,0.1
닦이다,Verb,0.25
코리다,Adjective,-0.15
차갑다,Adjective,-0.15
식히다,Verb,0
늘씬하다,Adjective,0.4
쿨하다,Adjective,0.425
울적하다,Adjective,-0.45
쓸데없다,Adjective,-0.425
외다,Verb,0.2
급정거하다,Verb,-0.138888889
상충되다,Verb,-0.1
휘적휘적하다,Verb,-0.222222222
다치다,Verb,-0.475
야위다,Verb,-0.325
불친절하다,Adjective,-0.5
멀끔하다,Adjective,0.5
붙다,Verb,0.3
으스스하다,Adjective,-0.225
울다,Verb,-0.225
건강하다,Adjective,0.7
의심스럽다,Adjective,-0.225
뛰어나다,Adjective,0.675
강화하다,Adjective,0.55
얼룩덜룩하다,Adjective,-0.055555556
나뒹굴다,Verb,-0.175
한정시키다,Verb,0
시원섭섭하다,Adjective,-0.075
부러지다,Verb,-0.45
찌그러지다,Verb,-0.25
차디차다,Adjective,-0.225
바람직하다,Adjective,0.6
무능하다,Adjective,-0.225
춤추다,Verb,0.3
귀엽다,Adjective,0.725
민망하다,Adjective,-0.15
어여쁘다,Adjective,0.45
싸늘하다,Adjective,-0.425
괘씸하다,Adjective,-0.425
잘하다,Verb,0.65
다투다,Verb,-0.65
참혹하다,Adjective,-0.375
찌질하다,Adjective,-0.225
소리치다,Verb,-0.175
꿀꿀하다,Adjective,-0.138888889
의기양양하다,Adjective,0.375
빛나다,Verb,0.5
손대다,Verb,-0.225
당연시하다,Verb,-0.225
지우다,Verb,-0.1
흩날리다,Verb,-0.05
차곡하다,Adjective,0.305555556
더럽히다,Verb,-0.425
없어지다,Verb,-0.425
마지못하다,Adjective,-0.2
찢다,Verb,-0.575
무리하다,Adjective,-0.4
미치다,Adjective,-0.25
부실하다,Adjective,-0.45
빈정거리다,Verb,-0.425
비겁하다,Adjective,-0.275
조잡하다,Adjective,-0.35
색다르다,Adjective,0.45
굶다,Verb,-0.325
조용하다,Adjective,0.25
경쾌하다,Adjective,0.7
나다,Verb,0.075
직하다,Adjective,-0.05
물러나다,Verb,0
까딱까딱하다,Verb,-0.194444444
과격하다,Adjective,-0.075
추하다,Adjective,-0.25
닦아지다,Verb,0.055555556
부산스럽다,Adjective,-0.2
미우다,Verb,-0.4
